{
    "catalogue": {
        "amdahl_p": 0.1775907382462422,
        "popt": [
            1.0089218244603368,
            1.0089071369137077,
            0.9925451042044549,
            0.00902682533916617,
            0.0006737824335478639,
            0.003852941201322318
        ]
    },
    "front-end": {
        "amdahl_p": 0.1173642258271223,
        "popt": [
            1.0091652704948655,
            1.0090888345744276,
            0.9921658953861977,
            0.007755977475411745,
            0.0008324067640226637,
            0.004599318861600956
        ]
    },
    "orders": {
        "amdahl_p": 0.2711331296706451,
        "popt": [
            0.15302285547313493,
            0.15302836129379607,
            0.9896664440636713,
            0.012510012855751734,
            0.0008736111797548947,
            0.010499212523111059
        ]
    },
    "user": {
        "amdahl_p": 0.7028978695427986,
        "popt": [
            1.0474843711034674,
            1.04572250407129,
            0.9954584187290803,
            0.01646249692689755,
            0.0007161458151758733,
            0.002124993316753957
        ]
    },
    "category": {
        "amdahl_p": 0.14570888760821377,
        "popt": [
            1.008975967292742,
            1.008909869612281,
            0.9921414327385187,
            0.008085198459580344,
            0.0008221372632819376,
            0.0045908163932465275
        ]
    },
    "detail": {
        "amdahl_p": 0.916534872003041,
        "popt": [
            1.6989662347377223,
            0.9825850207819633,
            3.44479092548884e-42,
            0.030287589143135413,
            110.67632273234528,
            2.063784957145928
        ]
    },
    "basket": {
        "amdahl_p": 0.18065427821259955,
        "popt": [
            1.0085976268709147,
            1.0085266732925486,
            0.9916621564114134,
            0.008506750054671266,
            0.0008793160659988249,
            0.0049629302289086906
        ]
    }
}