{
    "cart": {
        "amdahl_p": 0.4067598744063585,
        "popt": [
            0.9973925733001054,
            0.9973163749564771,
            0.9907889946810735,
            0.05305917721165674,
            0.000976699294044347,
            28.106472788119063
        ]
    },
    "catalogue": {
        "amdahl_p": 0.14751686980211284,
        "popt": [
            1.0003504716835763,
            0.41555878940284396,
            0.9997492071553896,
            0.01774425255672411,
            0.0004921488852471072,
            0.18286923709462335
        ]
    },
    "ratings": {
        "amdahl_p": 0.6236228134983289,
        "popt": [
            0.98342124144527,
            0.9815515134650755,
            0.9975012463780272,
            0.14425533806415738,
            0.0004045227704444948,
            15.430195704749405
        ]
    },
    "user": {
        "amdahl_p": 0.3726034493171795,
        "popt": [
            0.9926469123493634,
            0.992645751037008,
            0.9879569690705513,
            0.00496398971267915,
            0.0008882407199651281,
            0.023980568647186992
        ]
    },
    "web": {
        "amdahl_p": 0.16663319356787476,
        "popt": [
            1.0049761543539653,
            1.0013555823339417,
            2.3306780790338537e-82,
            0.04722830570485359,
            34.860563252476545,
            86.62559204262901
        ]
    }
}